{"cameraMode":{"drawMode":0,"name":"Shaded","section":"Shading Mode"},"sceneLighting":true,"audioPlay":false,"sceneViewState":{"showFog":true,"showMaterialUpdate":false,"showSkybox":true,"showFlares":true,"showImageEffects":true,"showParticleSystems":true},"in2DMode":false,"pivot":{"x":0.44140625,"y":4.112060546875,"z":-2.888427734375},"rotation":{"x":0.04733993485569954,"y":0.9410245418548584,"z":-0.30039915442466738,"w":0.14829716086387635},"size":5.177120208740234,"orthographic":true}