{"cameraMode":{"drawMode":0,"name":"Shaded","section":"Shading Mode"},"sceneLighting":false,"audioPlay":false,"sceneViewState":{"showFog":true,"showMaterialUpdate":false,"showSkybox":false,"showFlares":true,"showImageEffects":true,"showParticleSystems":true},"in2DMode":false,"pivot":{"x":0.00004100799560546875,"y":0.00000286102294921875,"z":0.00001621246337890625},"rotation":{"x":0.10772072523832321,"y":-0.43210893869400027,"z":0.05222348868846893,"w":0.893840491771698},"size":17.821147918701173,"orthographic":true}