{"cameraMode":{"drawMode":0,"name":"Shaded","section":"Shading Mode"},"sceneLighting":true,"audioPlay":false,"sceneViewState":{"showFog":true,"showMaterialUpdate":false,"showSkybox":true,"showFlares":true,"showImageEffects":true,"showParticleSystems":true},"in2DMode":false,"pivot":{"x":-0.016558468341827394,"y":0.7894763350486755,"z":3.1489248275756838},"rotation":{"x":-0.005721352994441986,"y":0.9903640747070313,"z":-0.0431082583963871,"w":-0.13148392736911775},"size":10.294075965881348,"orthographic":true}