{"cameraMode":{"drawMode":0,"name":"Shaded","section":"Shading Mode"},"sceneLighting":false,"audioPlay":false,"sceneViewState":{"showFog":true,"showMaterialUpdate":true,"showSkybox":true,"showFlares":true,"showImageEffects":true,"showParticleSystems":true},"in2DMode":false,"pivot":{"x":430.6929931640625,"y":226.21875,"z":-21.4375},"rotation":{"x":0.2040550410747528,"y":0.0003626558755058795,"z":0.0010155894560739399,"w":0.9789588451385498},"size":440.90106201171877,"orthographic":true}