{"cameraMode":{"drawMode":0,"name":"Shaded","section":"Shading Mode"},"sceneLighting":false,"audioPlay":false,"sceneViewState":{"showFog":true,"showMaterialUpdate":false,"showSkybox":false,"showFlares":true,"showImageEffects":true,"showParticleSystems":true},"in2DMode":false,"pivot":{"x":1.119229793548584,"y":-0.0015778541564941407,"z":3.210036277770996},"rotation":{"x":0.08208175003528595,"y":-0.8722096681594849,"z":0.4557773768901825,"w":0.157416433095932},"size":11.681259155273438,"orthographic":true}