{"cameraMode":{"drawMode":0,"name":"Shaded","section":"Shading Mode"},"sceneLighting":true,"audioPlay":false,"sceneViewState":{"showFog":true,"showMaterialUpdate":false,"showSkybox":true,"showFlares":true,"showImageEffects":true,"showParticleSystems":true},"in2DMode":false,"pivot":{"x":-0.1658935546875,"y":0.7380256652832031,"z":0.591796875},"rotation":{"x":0.025301380082964898,"y":-0.5087609887123108,"z":0.014961322769522667,"w":0.8604059219360352},"size":1.1827247142791749,"orthographic":true}