{"cameraMode":{"drawMode":0,"name":"Shaded","section":"Shading Mode"},"sceneLighting":false,"audioPlay":false,"sceneViewState":{"showFog":true,"showMaterialUpdate":false,"showSkybox":false,"showFlares":true,"showImageEffects":true,"showParticleSystems":true},"in2DMode":false,"pivot":{"x":-0.0000019073486328125,"y":4.064607620239258,"z":-9.5367431640625e-7},"rotation":{"x":0.10772072523832321,"y":-0.43210893869400027,"z":0.05222348868846893,"w":0.893840491771698},"size":42.175926208496097,"orthographic":true}