{"cameraMode":{"drawMode":0,"name":"Shaded","section":"Shading Mode"},"sceneLighting":false,"audioPlay":false,"sceneViewState":{"showFog":true,"showMaterialUpdate":false,"showSkybox":false,"showFlares":true,"showImageEffects":true,"showParticleSystems":true},"in2DMode":false,"pivot":{"x":0.049091339111328128,"y":4.946883201599121,"z":0.000003814697265625},"rotation":{"x":0.151645690202713,"y":-0.6243370175361633,"z":0.12528923153877259,"w":0.7559823989868164},"size":49.64828872680664,"orthographic":true}