{"cameraMode":{"drawMode":0,"name":"Shaded","section":"Shading Mode"},"sceneLighting":false,"audioPlay":false,"sceneViewState":{"showFog":true,"showMaterialUpdate":false,"showSkybox":false,"showFlares":true,"showImageEffects":true,"showParticleSystems":true},"in2DMode":false,"pivot":{"x":9.5367431640625e-7,"y":3.5762786865234377e-7,"z":-0.000003814697265625},"rotation":{"x":0.22985616326332093,"y":-0.7673039436340332,"z":0.4584540128707886,"w":0.385007381439209},"size":14.674324035644532,"orthographic":true}