{"cameraMode":{"drawMode":0,"name":"Shaded","section":"Shading Mode"},"sceneLighting":false,"audioPlay":false,"sceneViewState":{"showFog":true,"showMaterialUpdate":false,"showSkybox":false,"showFlares":true,"showImageEffects":true,"showParticleSystems":true},"in2DMode":false,"pivot":{"x":-1.6046786308288575,"y":-0.3605799376964569,"z":3.036041021347046},"rotation":{"x":0.18641404807567597,"y":0.43831729888916018,"z":-0.09330293536186218,"w":0.8743125200271606},"size":14.239761352539063,"orthographic":true}